X_m, Pressure_Pa
0.00000000e+00, 1.79992163e+06
1.82732416e-03, 1.79992163e+06
undef, undef
5.27918618e-03, 1.79992125e+06
6.90875668e-03, 1.79992113e+06
8.47728457e-03, 1.79992088e+06
9.98705719e-03, 1.79992050e+06
1.14402752e-02, 1.79992038e+06
1.28390566e-02, 1.79992013e+06
1.41854407e-02, 1.79992000e+06
undef, undef
1.54813910e-02, 1.79991975e+06
1.67287942e-02, 1.79991950e+06
1.79294720e-02, 1.79991913e+06
1.90851744e-02, 1.79991888e+06
2.01975834e-02, 1.79991850e+06
2.12683249e-02, 1.79991788e+06
2.22989544e-02, 1.79991738e+06
2.32909787e-02, 1.79991638e+06
undef, undef
2.42458433e-02, 1.79991525e+06
2.51649395e-02, 1.79991388e+06
undef, undef
2.60496065e-02, 1.79991200e+06
2.69011352e-02, 1.79990975e+06
2.77207661e-02, 1.79990663e+06
2.85096932e-02, 1.79990325e+06
2.92690694e-02, 1.79989900e+06
2.99999993e-02, 1.79989450e+06
3.05878278e-02, 1.79988975e+06
3.11657097e-02, 1.79988450e+06
3.17338146e-02, 1.79987850e+06
3.22923064e-02, 1.79987200e+06
3.28413509e-02, 1.79986500e+06
3.33811045e-02, 1.79985700e+06
3.39117274e-02, 1.79984813e+06
3.44333686e-02, 1.79983888e+06
3.49461846e-02, 1.79982850e+06
3.54503281e-02, 1.79981725e+06
3.59459370e-02, 1.79980513e+06
3.64331640e-02, 1.79979200e+06
3.69121432e-02, 1.79977800e+06
3.73830236e-02, 1.79976275e+06
3.78459319e-02, 1.79974650e+06
3.83010097e-02, 1.79972913e+06
3.87483910e-02, 1.79971050e+06
3.91881987e-02, 1.79969050e+06
3.96205671e-02, 1.79966913e+06
4.00456190e-02, 1.79964588e+06
4.04634774e-02, 1.79962125e+06
4.08742689e-02, 1.79959488e+06
4.12781090e-02, 1.79956638e+06
4.16751169e-02, 1.79953638e+06
4.20654044e-02, 1.79950363e+06
4.24490906e-02, 1.79946875e+06
4.28262874e-02, 1.79943100e+06
4.31970991e-02, 1.79939100e+06
4.35616374e-02, 1.79934775e+06
4.39200066e-02, 1.79930175e+06
4.42723148e-02, 1.79925225e+06
4.46186624e-02, 1.79919888e+06
4.49591465e-02, 1.79914213e+06
4.52938713e-02, 1.79908100e+06
4.56229337e-02, 1.79901538e+06
4.59464304e-02, 1.79894513e+06
4.62644510e-02, 1.79887000e+06
4.65770923e-02, 1.79878913e+06
4.68844399e-02, 1.79870263e+06
4.71865907e-02, 1.79861000e+06
4.74836305e-02, 1.79851025e+06
4.77756411e-02, 1.79840363e+06
4.80627120e-02, 1.79828888e+06
4.83449288e-02, 1.79816625e+06
4.86223660e-02, 1.79803450e+06
4.88951132e-02, 1.79789325e+06
4.91632409e-02, 1.79774150e+06
4.94268350e-02, 1.79757888e+06
4.96859699e-02, 1.79740450e+06
4.99407202e-02, 1.79721738e+06
5.01911566e-02, 1.79701638e+06
5.04373610e-02, 1.79680113e+06
5.06793968e-02, 1.79656988e+06
5.09173386e-02, 1.79632150e+06
5.11512533e-02, 1.79605513e+06
5.13812117e-02, 1.79576913e+06
5.16072772e-02, 1.79546213e+06
5.18295169e-02, 1.79513250e+06
5.20480014e-02, 1.79477838e+06
5.22627831e-02, 1.79439800e+06
5.24739362e-02, 1.79398975e+06
5.26815131e-02, 1.79355075e+06
5.28855808e-02, 1.79307900e+06
5.30861914e-02, 1.79257225e+06
5.32834120e-02, 1.79202750e+06
5.34772947e-02, 1.79144138e+06
5.36678955e-02, 1.79081150e+06
5.38552739e-02, 1.79013400e+06
5.40394783e-02, 1.78940463e+06
5.42205684e-02, 1.78861963e+06
5.43985963e-02, 1.78777463e+06
5.45736067e-02, 1.78686475e+06
5.47456592e-02, 1.78588425e+06
5.49148023e-02, 1.78482763e+06
5.50810806e-02, 1.78368838e+06
5.52445501e-02, 1.78245950e+06
5.54052480e-02, 1.78113338e+06
5.55632301e-02, 1.77970150e+06
5.57185374e-02, 1.77815475e+06
5.58712184e-02, 1.77648275e+06
5.60213178e-02, 1.77467388e+06
5.61688766e-02, 1.77271638e+06
5.63139357e-02, 1.77059613e+06
5.64565435e-02, 1.76829725e+06
5.65967374e-02, 1.76580313e+06
5.67345582e-02, 1.76309388e+06
5.68700507e-02, 1.76014900e+06
5.70032485e-02, 1.75694400e+06
5.71341924e-02, 1.75345163e+06
5.72629198e-02, 1.74964213e+06
5.73894717e-02, 1.74548113e+06
5.75138777e-02, 1.74093013e+06
5.76361828e-02, 1.73594538e+06
5.77564202e-02, 1.73047638e+06
5.78746200e-02, 1.72445800e+06
5.79908192e-02, 1.71779525e+06
5.81050552e-02, 1.71034550e+06
5.82173578e-02, 1.70200825e+06
5.83277568e-02, 1.69273750e+06
5.84362932e-02, 1.68242150e+06
5.85429892e-02, 1.67087938e+06
5.86478822e-02, 1.65786175e+06
5.87509982e-02, 1.64296350e+06
5.88523708e-02, 1.62537388e+06
5.89520298e-02, 1.60362238e+06
undef, undef
5.90500012e-02, 1.57534225e+06
5.91534823e-02, 1.53855750e+06
5.92566095e-02, 1.49572750e+06
5.93593866e-02, 1.44870225e+06
5.94618171e-02, 1.39803025e+06
5.95638976e-02, 1.34401125e+06
5.96656278e-02, 1.28547925e+06
5.97670153e-02, 1.22506788e+06
5.98680601e-02, 1.16518975e+06
5.99687584e-02, 1.10547550e+06
6.00691140e-02, 1.04683188e+06
6.01691268e-02, 9.94145875e+05
6.02688044e-02, 9.57074750e+05
6.03681393e-02, 9.41313938e+05
6.04671389e-02, 9.44259188e+05
6.05657995e-02, 9.62581000e+05
6.06641248e-02, 9.87575188e+05
6.07621148e-02, 1.00610488e+06
6.08597733e-02, 1.01221563e+06
6.09571002e-02, 1.00781425e+06
6.10540956e-02, 9.92895688e+05
6.11507632e-02, 9.67916500e+05
6.12470992e-02, 9.40424125e+05
6.13431074e-02, 9.15872063e+05
6.14387915e-02, 8.94369250e+05
6.15341477e-02, 8.75874875e+05
6.16291799e-02, 8.59867500e+05
6.17238916e-02, 8.44066250e+05
6.18182793e-02, 8.26440375e+05
6.19123466e-02, 8.06689813e+05
6.20060936e-02, 7.86930063e+05
6.20995201e-02, 7.69031750e+05
6.21926300e-02, 7.52910750e+05
6.22854270e-02, 7.37717688e+05
6.23779036e-02, 7.23607875e+05
6.24700673e-02, 7.11098938e+05
6.25619218e-02, 6.99784375e+05
6.26534596e-02, 6.89192000e+05
6.27446845e-02, 6.79001750e+05
6.28355965e-02, 6.68791375e+05
6.29262105e-02, 6.58107125e+05
6.30165040e-02, 6.47568125e+05
6.31064996e-02, 6.38486438e+05
6.31961823e-02, 6.31924625e+05
6.32855669e-02, 6.28500625e+05
6.33746460e-02, 6.27916813e+05
6.34634197e-02, 6.29553875e+05
6.35518879e-02, 6.33323313e+05
6.36400655e-02, 6.38610250e+05
6.37279376e-02, 6.43234250e+05
6.38155118e-02, 6.45263500e+05
6.39027804e-02, 6.44592688e+05
6.39897585e-02, 6.41247750e+05
6.40764460e-02, 6.34954750e+05
6.41628355e-02, 6.26278938e+05
6.42489269e-02, 6.16148375e+05
6.43347278e-02, 6.05441188e+05
6.44202381e-02, 5.94644563e+05
6.45054579e-02, 5.83610063e+05
6.45903870e-02, 5.72006125e+05
6.46750256e-02, 5.60470375e+05
6.47593811e-02, 5.49728500e+05
6.48434460e-02, 5.39707625e+05
6.49272278e-02, 5.30334875e+05
6.50107190e-02, 5.21568219e+05
6.50939271e-02, 5.13286594e+05
6.51768595e-02, 5.05215188e+05
6.52595013e-02, 4.96960188e+05
6.53418675e-02, 4.88769813e+05
6.54239580e-02, 4.81402531e+05
6.55057579e-02, 4.75171438e+05
6.55872896e-02, 4.69956625e+05
6.56685382e-02, 4.65474656e+05
6.57495111e-02, 4.61401375e+05
6.58302084e-02, 4.57465844e+05
6.59106374e-02, 4.53499594e+05
6.59907833e-02, 4.49437906e+05
6.60706684e-02, 4.45288156e+05
6.61502704e-02, 4.41089938e+05
6.62296042e-02, 4.36888375e+05
6.63086772e-02, 4.32729688e+05
6.63874745e-02, 4.28672188e+05
6.64660037e-02, 4.24768438e+05
6.65442646e-02, 4.20975594e+05
6.66222572e-02, 4.17098156e+05
6.66999891e-02, 4.13067906e+05
6.67774603e-02, 4.09112500e+05
6.68546632e-02, 4.05401594e+05
6.69315979e-02, 4.01927750e+05
6.70082793e-02, 3.98655313e+05
6.70846999e-02, 3.95542750e+05
6.71608597e-02, 3.92550875e+05
6.72367588e-02, 3.89648719e+05
6.73123971e-02, 3.86818719e+05
6.73877820e-02, 3.84059125e+05
6.74629062e-02, 3.81384188e+05
6.75377846e-02, 3.78821500e+05
6.76124021e-02, 3.76407594e+05
6.76867664e-02, 3.74183375e+05
6.77608773e-02, 3.72188531e+05
6.78347349e-02, 3.70457813e+05
6.79083392e-02, 3.69016219e+05
6.79816976e-02, 3.67876750e+05
6.80548102e-02, 3.67039250e+05
6.81276694e-02, 3.66492438e+05
6.82002828e-02, 3.66201938e+05
6.82726428e-02, 3.66088938e+05
6.83447644e-02, 3.66037469e+05
6.84166402e-02, 3.65937750e+05
6.84882626e-02, 3.65683500e+05
6.85596541e-02, 3.65150719e+05
6.86307922e-02, 3.64226438e+05
6.87016919e-02, 3.62836875e+05
6.87723532e-02, 3.60957500e+05
6.88427761e-02, 3.58609719e+05
6.89129531e-02, 3.55849781e+05
6.89828992e-02, 3.52754875e+05
6.90525994e-02, 3.49415188e+05
6.91220686e-02, 3.45937406e+05
6.91912994e-02, 3.42416125e+05
6.92602918e-02, 3.38823531e+05
6.93290532e-02, 3.34948813e+05
6.93975762e-02, 3.30787250e+05
6.94658756e-02, 3.26608563e+05
6.95339367e-02, 3.22552469e+05
6.96017668e-02, 3.18624281e+05
6.96693659e-02, 3.14805938e+05
6.97367340e-02, 3.11073813e+05
6.98038712e-02, 3.07405375e+05
6.98707849e-02, 3.03784750e+05
6.99374676e-02, 3.00208844e+05
7.00039268e-02, 2.96692813e+05
7.00701550e-02, 2.93271125e+05
7.01361671e-02, 2.89991500e+05
7.02019483e-02, 2.86902188e+05
7.02675059e-02, 2.84038563e+05
7.03328401e-02, 2.81414344e+05
7.03979507e-02, 2.79020250e+05
7.04628453e-02, 2.76829125e+05
7.05275163e-02, 2.74804656e+05
7.05919638e-02, 2.72909313e+05
7.06562027e-02, 2.71110063e+05
7.07202107e-02, 2.69380938e+05
7.07840100e-02, 2.67703313e+05
7.08475858e-02, 2.66065000e+05
7.09109530e-02, 2.64458813e+05
7.09740967e-02, 2.62880781e+05
7.10370317e-02, 2.61328250e+05
7.10997507e-02, 2.59800563e+05
7.11622536e-02, 2.58304859e+05
7.12245479e-02, 2.56849078e+05
7.12866262e-02, 2.55395891e+05
7.13484958e-02, 2.53832656e+05
7.14101568e-02, 2.52154781e+05
7.14716092e-02, 2.50471563e+05
7.15328455e-02, 2.48828469e+05
7.15938807e-02, 2.47233719e+05
7.16547072e-02, 2.45692594e+05
7.17153251e-02, 2.44210766e+05
7.17757344e-02, 2.42793875e+05
7.18359426e-02, 2.41446781e+05
7.18959421e-02, 2.40172438e+05
7.19557405e-02, 2.38970328e+05
7.20153376e-02, 2.37835516e+05
7.20747262e-02, 2.36758188e+05
7.21339211e-02, 2.35724813e+05
7.21929073e-02, 2.34720297e+05
7.22516924e-02, 2.33731031e+05
7.23102838e-02, 2.32747500e+05
7.23686740e-02, 2.31765359e+05
7.24268630e-02, 2.30785000e+05
7.24848509e-02, 2.29809313e+05
7.25426525e-02, 2.28841578e+05
7.26002455e-02, 2.27883609e+05
7.26576522e-02, 2.26935453e+05
7.27148578e-02, 2.25995781e+05
7.27718696e-02, 2.25063094e+05
7.28286877e-02, 2.24136313e+05
7.28853196e-02, 2.23214828e+05
7.29417503e-02, 2.22297813e+05
7.29979947e-02, 2.21383750e+05
7.30540454e-02, 2.20470125e+05
7.31099024e-02, 2.19554000e+05
7.31655732e-02, 2.18633094e+05
7.32210502e-02, 2.17706922e+05
7.32763410e-02, 2.16777547e+05
7.33314455e-02, 2.15849391e+05
7.33863637e-02, 2.14928344e+05
7.34410957e-02, 2.14020797e+05
7.34956414e-02, 2.13132125e+05
7.35499933e-02, 2.12264109e+05
7.36041665e-02, 2.11412672e+05
7.36581609e-02, 2.10574063e+05
7.37119615e-02, 2.09751031e+05
7.37655833e-02, 2.08946000e+05
7.38190264e-02, 2.08158391e+05
7.38722831e-02, 2.07387938e+05
7.39253610e-02, 2.06634891e+05
7.39782602e-02, 2.05899500e+05
7.40309730e-02, 2.05181406e+05
7.40835145e-02, 2.04479578e+05
7.41358697e-02, 2.03792313e+05
7.41880536e-02, 2.03117594e+05
7.42400587e-02, 2.02453484e+05
7.42918849e-02, 2.01798625e+05
7.43435323e-02, 2.01152203e+05
7.43950084e-02, 2.00513922e+05
7.44463056e-02, 1.99883906e+05
7.44974315e-02, 1.99262125e+05
7.45483860e-02, 1.98648234e+05
7.45991617e-02, 1.98041500e+05
7.46497661e-02, 1.97440750e+05
7.47001991e-02, 1.96844688e+05
7.47504681e-02, 1.96252156e+05
7.48005584e-02, 1.95662391e+05
7.48504773e-02, 1.95075188e+05
7.49002248e-02, 1.94490906e+05
7.49498084e-02, 1.93910375e+05
7.49992207e-02, 1.93334641e+05
7.50484690e-02, 1.92764625e+05
7.50975460e-02, 1.92201063e+05
7.51464590e-02, 1.91644250e+05
7.51952007e-02, 1.91094156e+05
7.52437785e-02, 1.90550438e+05
7.52921924e-02, 1.90012672e+05
7.53404424e-02, 1.89480500e+05
7.53885284e-02, 1.88953813e+05
7.54364505e-02, 1.88432859e+05
7.54842088e-02, 1.87918250e+05
7.55318031e-02, 1.87410813e+05
7.55792335e-02, 1.86911594e+05
7.56265074e-02, 1.86421625e+05
7.56736249e-02, 1.85941813e+05
7.57205710e-02, 1.85472688e+05
7.57673681e-02, 1.85014422e+05
7.58140013e-02, 1.84566813e+05
7.58604705e-02, 1.84128953e+05
7.59067908e-02, 1.83699578e+05
7.59529471e-02, 1.83276875e+05
7.59989470e-02, 1.82858563e+05
7.60447979e-02, 1.82442031e+05
7.60904849e-02, 1.82024406e+05
7.61360228e-02, 1.81602625e+05
7.61813968e-02, 1.81173625e+05
7.62266219e-02, 1.80734422e+05
7.62716979e-02, 1.80282391e+05
7.63166174e-02, 1.79815281e+05
7.63613805e-02, 1.79331344e+05
7.64059946e-02, 1.78829500e+05
7.64504522e-02, 1.78309375e+05
7.64947608e-02, 1.77771234e+05
7.65389204e-02, 1.77215984e+05
7.65829310e-02, 1.76645141e+05
7.66267926e-02, 1.76060297e+05
7.66705051e-02, 1.75463000e+05
7.67140687e-02, 1.74856094e+05
7.67574757e-02, 1.74245406e+05
7.68007487e-02, 1.73628906e+05
7.68438652e-02, 1.72970969e+05
7.68868402e-02, 1.72227688e+05
7.69296661e-02, 1.71427688e+05
7.69723430e-02, 1.70617094e+05
7.70148784e-02, 1.69799094e+05
7.70572722e-02, 1.68972375e+05
7.70995170e-02, 1.68134844e+05
7.71416202e-02, 1.67284281e+05
7.71835819e-02, 1.66422063e+05
7.72253945e-02, 1.65548500e+05
7.72670731e-02, 1.64660281e+05
7.73086026e-02, 1.63705344e+05
7.73499981e-02, 1.62755563e+05
7.73969665e-02, 1.61827938e+05
7.74443224e-02, 1.60819109e+05
7.74920732e-02, 1.59745438e+05
7.75402263e-02, 1.58640813e+05
7.75887743e-02, 1.57538125e+05
7.76377246e-02, 1.56454656e+05
7.76870847e-02, 1.55395656e+05
7.77368546e-02, 1.54358750e+05
7.77870342e-02, 1.53336625e+05
7.78376386e-02, 1.52323156e+05
7.78886527e-02, 1.51316281e+05
7.79400989e-02, 1.50317703e+05
7.79919699e-02, 1.49330156e+05
7.80442730e-02, 1.48355375e+05
7.80970082e-02, 1.47393516e+05
7.81501830e-02, 1.46443641e+05
7.82038048e-02, 1.45505219e+05
7.82578662e-02, 1.44578750e+05
7.83123747e-02, 1.43666047e+05
7.83673376e-02, 1.42769406e+05
7.84227625e-02, 1.41891250e+05
7.84786418e-02, 1.41033750e+05
7.85349905e-02, 1.40198063e+05
7.85918012e-02, 1.39384281e+05
7.86490887e-02, 1.38591750e+05
7.87068531e-02, 1.37818969e+05
7.87650943e-02, 1.37063719e+05
7.88238198e-02, 1.36323094e+05
7.88830370e-02, 1.35593719e+05
7.89427385e-02, 1.34872063e+05
7.90029466e-02, 1.34154703e+05
7.90636465e-02, 1.33438875e+05
7.91248530e-02, 1.32722750e+05
7.91865662e-02, 1.32005516e+05
7.92488009e-02, 1.31287219e+05
7.93115422e-02, 1.30568422e+05
7.93748125e-02, 1.29850016e+05
7.94386044e-02, 1.29133516e+05
7.95029253e-02, 1.28421125e+05
7.95677826e-02, 1.27715313e+05
7.96331763e-02, 1.27018516e+05
7.96991214e-02, 1.26332977e+05
7.97656029e-02, 1.25660742e+05
7.98326433e-02, 1.25003695e+05
7.99002424e-02, 1.24363430e+05
7.99684003e-02, 1.23741180e+05
8.00371245e-02, 1.23138484e+05
8.01064223e-02, 1.22541820e+05
8.01762938e-02, 1.21997234e+05
undef, undef
8.03359523e-02, 1.20910789e+05
8.04253817e-02, 1.20240695e+05
8.05150121e-02, 1.19587641e+05
8.06048661e-02, 1.18991414e+05
8.06949362e-02, 1.18439156e+05
8.07852149e-02, 1.17903094e+05
8.08757171e-02, 1.17366117e+05
8.09664354e-02, 1.16824984e+05
8.10573697e-02, 1.16282453e+05
8.11485201e-02, 1.15740938e+05
8.12398866e-02, 1.15200914e+05
8.13314766e-02, 1.14661000e+05
8.14232901e-02, 1.14118758e+05
8.15153196e-02, 1.13570625e+05
8.16075653e-02, 1.13012992e+05
8.17000419e-02, 1.12443750e+05
8.17927346e-02, 1.11864500e+05
8.18856433e-02, 1.11281102e+05
8.19787830e-02, 1.10701258e+05
8.20721462e-02, 1.10130695e+05
8.21657255e-02, 1.09569016e+05
8.22595358e-02, 1.09008578e+05
8.23535696e-02, 1.08440102e+05
8.24478269e-02, 1.07863984e+05
8.25423151e-02, 1.07299594e+05
8.26370269e-02, 1.06790125e+05
8.27319697e-02, 1.06411953e+05
8.28271359e-02, 1.06251492e+05
8.29225257e-02, 1.06303367e+05
8.30181465e-02, 1.06470297e+05
8.31140056e-02, 1.06616422e+05
8.32100809e-02, 1.06571664e+05
8.33063945e-02, 1.06119188e+05
8.34029391e-02, 1.05000109e+05
8.34997147e-02, 1.03092992e+05
8.35967213e-02, 1.00509453e+05
8.36939588e-02, 9.74914531e+04
8.37914348e-02, 9.42375781e+04
8.38891417e-02, 9.06403906e+04
8.39870796e-02, 8.66571875e+04
8.40852559e-02, 8.24782969e+04
8.41836631e-02, 7.80918906e+04
8.42823088e-02, 7.33902344e+04
8.43811929e-02, 6.83392656e+04
8.44803154e-02, 6.28762500e+04
8.45796689e-02, 5.73276211e+04
8.46792683e-02, 5.30587500e+04
8.47790986e-02, 5.40879648e+04
8.48791748e-02, 6.93634375e+04
8.49794894e-02, 1.04587602e+05
8.50800425e-02, 1.45346203e+05
8.51808339e-02, 1.69684406e+05
8.52818713e-02, 1.72723313e+05
8.53831545e-02, 1.64993266e+05
8.54846761e-02, 1.56644563e+05
8.55864361e-02, 1.50343625e+05
8.56884494e-02, 1.46438016e+05
8.57907012e-02, 1.45274984e+05
8.58931988e-02, 1.45985672e+05
8.59959424e-02, 1.47219547e+05
8.60989317e-02, 1.48363219e+05
8.62021744e-02, 1.49159656e+05
8.63056555e-02, 1.49822031e+05
8.64093900e-02, 1.50601875e+05
8.65133703e-02, 1.51580359e+05
8.66176039e-02, 1.52673625e+05
8.67220834e-02, 1.53741531e+05
8.68268162e-02, 1.54729938e+05
8.69317949e-02, 1.55710781e+05
8.70370269e-02, 1.56760094e+05
8.71425122e-02, 1.57862609e+05
8.72482583e-02, 1.58961422e+05
8.73542503e-02, 1.60053750e+05
8.74604955e-02, 1.61191938e+05
8.75669941e-02, 1.62400953e+05
8.76737535e-02, 1.63645219e+05
8.77807662e-02, 1.64881453e+05
8.78880322e-02, 1.66122531e+05
8.79955590e-02, 1.67416563e+05
8.81033465e-02, 1.68782969e+05
8.82113874e-02, 1.70192375e+05
8.83196890e-02, 1.71571734e+05
8.84282514e-02, 1.72819797e+05
8.85370672e-02, 1.73910406e+05
8.86461511e-02, 1.74923016e+05
8.87554958e-02, 1.75902047e+05
8.88651013e-02, 1.76832969e+05
8.89749676e-02, 1.77700672e+05
8.90851021e-02, 1.78496234e+05
8.91954973e-02, 1.79214438e+05
8.93061534e-02, 1.79839406e+05
8.94170851e-02, 1.80327969e+05
8.95282775e-02, 1.80636750e+05
8.96397308e-02, 1.80770828e+05
8.97514597e-02, 1.80802844e+05
8.98634493e-02, 1.80807078e+05
8.99757147e-02, 1.80800922e+05
9.00882408e-02, 1.80770266e+05
9.02010426e-02, 1.80690031e+05
9.03141126e-02, 1.80540031e+05
9.04274583e-02, 1.80311297e+05
9.05410722e-02, 1.80005547e+05
9.06549543e-02, 1.79636406e+05
9.07691121e-02, 1.79221656e+05
9.08835456e-02, 1.78777813e+05
9.09982547e-02, 1.78318141e+05
9.11132321e-02, 1.77850219e+05
9.12284926e-02, 1.77376406e+05
9.13440287e-02, 1.76894078e+05
9.14598405e-02, 1.76396234e+05
9.15759280e-02, 1.75872984e+05
9.16922912e-02, 1.75313844e+05
9.18089375e-02, 1.74714031e+05
9.19258669e-02, 1.74076594e+05
9.20430720e-02, 1.73383750e+05
9.21605527e-02, 1.72563375e+05
9.22783241e-02, 1.71607969e+05
9.23963711e-02, 1.70590609e+05
9.25147086e-02, 1.69550344e+05
9.26333219e-02, 1.68501344e+05
9.27522257e-02, 1.67443016e+05
9.28714126e-02, 1.66361344e+05
9.29908827e-02, 1.65237391e+05
9.31106433e-02, 1.64059688e+05
9.32306871e-02, 1.62835750e+05
9.33510214e-02, 1.61597563e+05
9.34716463e-02, 1.60394531e+05
9.35925543e-02, 1.59274891e+05
9.37137529e-02, 1.58263719e+05
9.38352495e-02, 1.57350219e+05
9.39570293e-02, 1.56490047e+05
9.40791070e-02, 1.55616375e+05
9.42014679e-02, 1.54656406e+05
9.43241343e-02, 1.53553625e+05
9.44470838e-02, 1.52297063e+05
9.45703387e-02, 1.50942594e+05
9.46938843e-02, 1.49607000e+05
9.48177204e-02, 1.48427219e+05
9.49418619e-02, 1.47505656e+05
9.50662941e-02, 1.46884500e+05
9.51910317e-02, 1.46510797e+05
9.53160599e-02, 1.46192641e+05
9.54413936e-02, 1.45654359e+05
9.55670252e-02, 1.44619203e+05
9.56929624e-02, 1.42867875e+05
9.58191976e-02, 1.40310578e+05
9.59457308e-02, 1.37011188e+05
9.60725769e-02, 1.33146781e+05
9.61997211e-02, 1.28943695e+05
9.63271707e-02, 1.24617984e+05
9.64549258e-02, 1.20341094e+05
9.65829939e-02, 1.16230266e+05
9.67113599e-02, 1.12356484e+05
9.68400389e-02, 1.08755563e+05
9.69690233e-02, 1.05443336e+05
9.70983207e-02, 1.02422195e+05
9.72279236e-02, 9.96893672e+04
9.73578393e-02, 9.72423594e+04
9.74880680e-02, 9.50849922e+04
9.76186022e-02, 9.32101406e+04
9.77494568e-02, 9.15436406e+04
9.78806242e-02, 9.00935625e+04
9.80121046e-02, 8.90459063e+04
9.81438980e-02, 8.86459297e+04
9.82760042e-02, 8.88450156e+04
9.84084383e-02, 8.95775703e+04
9.85411778e-02, 9.08224453e+04
9.86742452e-02, 9.22692422e+04
9.88076255e-02, 9.38812734e+04
9.89413261e-02, 9.58481875e+04
9.90753546e-02, 9.82071406e+04
9.92096961e-02, 1.00850297e+05
9.93443653e-02, 1.03557148e+05
9.94793475e-02, 1.06109141e+05
9.96146649e-02, 1.08383930e+05
9.97503027e-02, 1.10362516e+05
9.98862609e-02, 1.12083969e+05
1.00022547e-01, 1.13604313e+05
1.00159161e-01, 1.14981000e+05
1.00296110e-01, 1.16274898e+05
1.00433379e-01, 1.17552070e+05
1.00570977e-01, 1.18879422e+05
1.00708902e-01, 1.20317688e+05
1.00847162e-01, 1.21913539e+05
1.00985758e-01, 1.23694734e+05
1.01124682e-01, 1.25668453e+05
1.01263933e-01, 1.27822719e+05
1.01403527e-01, 1.30131977e+05
1.01543449e-01, 1.32561625e+05
1.01683713e-01, 1.35072484e+05
1.01824306e-01, 1.37622422e+05
1.01965241e-01, 1.40168953e+05
1.02106512e-01, 1.42670625e+05
1.02248125e-01, 1.45091688e+05
1.02390073e-01, 1.47406359e+05
1.02532364e-01, 1.49601766e+05
1.02674998e-01, 1.51677906e+05
1.02817968e-01, 1.53644156e+05
1.02961287e-01, 1.55515156e+05
1.03104942e-01, 1.57304875e+05
1.03248946e-01, 1.59023719e+05
1.03393294e-01, 1.60676297e+05
1.03537992e-01, 1.62262266e+05
1.03683032e-01, 1.63778063e+05
1.03828423e-01, 1.65219969e+05
1.03974156e-01, 1.66584906e+05
1.04120247e-01, 1.67871859e+05
1.04266681e-01, 1.69081906e+05
1.04413472e-01, 1.70222328e+05
1.04560614e-01, 1.71298000e+05
1.04708105e-01, 1.72283094e+05
1.04855955e-01, 1.73118469e+05
1.05004154e-01, 1.73830031e+05
1.05152711e-01, 1.74492359e+05
1.05301619e-01, 1.75120359e+05
1.05450891e-01, 1.75711969e+05
1.05600521e-01, 1.76261813e+05
1.05750501e-01, 1.76766984e+05
1.05900846e-01, 1.77230406e+05
1.06051557e-01, 1.77659953e+05
1.06202625e-01, 1.78065922e+05
1.06354050e-01, 1.78459984e+05
1.06505841e-01, 1.78856438e+05
1.06657997e-01, 1.79271656e+05
1.06810518e-01, 1.79719969e+05
1.06963404e-01, 1.80207078e+05
1.07116662e-01, 1.80724813e+05
1.07270278e-01, 1.81250484e+05
1.07424267e-01, 1.81752063e+05
1.07578628e-01, 1.82196406e+05
1.07733354e-01, 1.82532969e+05
1.07888453e-01, 1.82713125e+05
1.08043924e-01, 1.82726547e+05
1.08199768e-01, 1.82568156e+05
1.08355984e-01, 1.82201344e+05
1.08512573e-01, 1.81578125e+05
1.08669542e-01, 1.80653531e+05
1.08826883e-01, 1.79405188e+05
1.08984604e-01, 1.77865031e+05
1.09142698e-01, 1.76000031e+05
1.09301180e-01, 1.73388344e+05
1.09460033e-01, 1.69303563e+05
1.09619275e-01, 1.63611969e+05
1.09778889e-01, 1.56924109e+05
1.09938897e-01, 1.50090797e+05
1.10099278e-01, 1.43951953e+05
1.10260047e-01, 1.38995484e+05
1.10421203e-01, 1.35250594e+05
1.10582747e-01, 1.32397281e+05
1.10744677e-01, 1.29995336e+05
1.10906996e-01, 1.27693773e+05
1.11069702e-01, 1.25327914e+05
1.11232795e-01, 1.22901563e+05
1.11396283e-01, 1.20505438e+05
1.11560166e-01, 1.18236391e+05
1.11724436e-01, 1.16152781e+05
1.11889102e-01, 1.14270547e+05
1.12054162e-01, 1.12579242e+05
1.12219617e-01, 1.11061820e+05
1.12385467e-01, 1.09705453e+05
1.12551719e-01, 1.08504609e+05
1.12718366e-01, 1.07459484e+05
1.12885416e-01, 1.06573820e+05
1.13052867e-01, 1.05849594e+05
1.13220714e-01, 1.05292750e+05
1.13388970e-01, 1.04916094e+05
1.13557629e-01, 1.04751133e+05
1.13726683e-01, 1.04792938e+05
1.13896154e-01, 1.05035828e+05
1.14066027e-01, 1.05507336e+05
1.14236303e-01, 1.06207016e+05
1.14406988e-01, 1.07131703e+05
1.14578083e-01, 1.08279297e+05
1.14749596e-01, 1.09640383e+05
1.14921510e-01, 1.11195602e+05
1.15093842e-01, 1.12916828e+05
1.15266584e-01, 1.14768336e+05
1.15439743e-01, 1.16712625e+05
1.15613312e-01, 1.18715555e+05
1.15787297e-01, 1.20751172e+05
1.15961708e-01, 1.22800773e+05
1.16136529e-01, 1.24850875e+05
1.16311774e-01, 1.26892602e+05
1.16487436e-01, 1.28921625e+05
1.16663516e-01, 1.30938750e+05
1.16840020e-01, 1.32949172e+05
1.17016949e-01, 1.34958563e+05
1.17194302e-01, 1.36970375e+05
1.17372081e-01, 1.38985297e+05
1.17550284e-01, 1.41004094e+05
1.17728919e-01, 1.43032406e+05
1.17907979e-01, 1.45084375e+05
1.18087463e-01, 1.47183406e+05
1.18267387e-01, 1.49359938e+05
1.18447736e-01, 1.51647641e+05
1.18628517e-01, 1.54081281e+05
1.18809737e-01, 1.56694031e+05
1.18991382e-01, 1.59519844e+05
1.19173467e-01, 1.62602672e+05
1.19355991e-01, 1.65976797e+05
1.19538955e-01, 1.69554469e+05
1.19722351e-01, 1.73034047e+05
1.19906187e-01, 1.76243266e+05
1.20090470e-01, 1.79280172e+05
1.20275192e-01, 1.82149063e+05
1.20460354e-01, 1.84714906e+05
1.20645963e-01, 1.86858797e+05
1.20832011e-01, 1.88493641e+05
1.21018507e-01, 1.89557422e+05
1.21205457e-01, 1.89932859e+05
1.21392846e-01, 1.89775297e+05
1.21580690e-01, 1.89258797e+05
1.21768981e-01, 1.88316391e+05
1.21957727e-01, 1.86996922e+05
1.22146927e-01, 1.85374203e+05
1.22336574e-01, 1.83517781e+05
1.22526683e-01, 1.81482328e+05
1.22717239e-01, 1.79313172e+05
1.22908257e-01, 1.77048125e+05
1.23099737e-01, 1.74636609e+05
1.23291664e-01, 1.71839203e+05
1.23484060e-01, 1.68610172e+05
1.23676918e-01, 1.65117734e+05
1.23870239e-01, 1.61386234e+05
1.24064013e-01, 1.57407141e+05
1.24258265e-01, 1.53249656e+05
1.24452971e-01, 1.49093797e+05
1.24648154e-01, 1.45183359e+05
1.24843799e-01, 1.41719516e+05
1.25039920e-01, 1.38766906e+05
1.25236496e-01, 1.36238313e+05
1.25433549e-01, 1.33962078e+05
1.25631079e-01, 1.31779250e+05
1.25829086e-01, 1.29608133e+05
1.26027569e-01, 1.27451609e+05
1.26226515e-01, 1.25362477e+05
1.26425952e-01, 1.23401039e+05
1.26625851e-01, 1.21609289e+05
1.26826242e-01, 1.20006086e+05
1.27027109e-01, 1.18594695e+05
1.27228454e-01, 1.17371477e+05
1.27430290e-01, 1.16331664e+05
1.27632603e-01, 1.15471602e+05
1.27835408e-01, 1.14787305e+05
1.28038689e-01, 1.14273695e+05
1.28242463e-01, 1.13926680e+05
1.28446728e-01, 1.13751508e+05
1.28651470e-01, 1.13736922e+05
1.28856719e-01, 1.13852805e+05
1.29062459e-01, 1.14096813e+05
1.29268676e-01, 1.14473797e+05
1.29475400e-01, 1.14975031e+05
1.29682615e-01, 1.15601914e+05
1.29890338e-01, 1.16372195e+05
1.30098552e-01, 1.17313055e+05
1.30307257e-01, 1.18457430e+05
1.30516469e-01, 1.19848148e+05
1.30726188e-01, 1.21542797e+05
1.30936399e-01, 1.23612961e+05
1.31147116e-01, 1.26136797e+05
1.31358340e-01, 1.29186453e+05
1.31570086e-01, 1.32811922e+05
1.31782323e-01, 1.37023281e+05
1.31995067e-01, 1.41774828e+05
1.32208318e-01, 1.46954844e+05
1.32422090e-01, 1.52390594e+05
1.32636368e-01, 1.57876156e+05
1.32851169e-01, 1.63203234e+05
1.33066475e-01, 1.68129359e+05
1.33282304e-01, 1.72334063e+05
1.33498654e-01, 1.75644391e+05
1.33715510e-01, 1.78239531e+05
1.33932889e-01, 1.80317953e+05
1.34150803e-01, 1.81931141e+05
1.34369224e-01, 1.83089922e+05
1.34588167e-01, 1.83764078e+05
1.34807646e-01, 1.83918891e+05
1.35027647e-01, 1.83652391e+05
1.35248169e-01, 1.83047016e+05
1.35469228e-01, 1.82071703e+05
1.35690808e-01, 1.80757594e+05
1.35912925e-01, 1.79168688e+05
1.36135578e-01, 1.77376141e+05
1.36358768e-01, 1.75412594e+05
1.36582479e-01, 1.73170172e+05
1.36806741e-01, 1.70472969e+05
1.37031525e-01, 1.67359547e+05
1.37256861e-01, 1.63950469e+05
1.37482733e-01, 1.60327641e+05
1.37709141e-01, 1.56682625e+05
1.37936100e-01, 1.53247516e+05
1.38163596e-01, 1.50174766e+05
1.38391644e-01, 1.47466688e+05
1.38620228e-01, 1.45001031e+05
1.38849378e-01, 1.42621531e+05
1.39079064e-01, 1.40222438e+05
1.39309302e-01, 1.37780625e+05
1.39540091e-01, 1.35334594e+05
1.39771432e-01, 1.32942641e+05
1.40003338e-01, 1.30651531e+05
1.40235797e-01, 1.28487344e+05
1.40468806e-01, 1.26462141e+05
1.40702382e-01, 1.24584141e+05
1.40936509e-01, 1.22863750e+05
1.41171202e-01, 1.21314555e+05
1.41406447e-01, 1.19950125e+05
1.41642272e-01, 1.18782039e+05
1.41878650e-01, 1.17808227e+05
1.42115608e-01, 1.17046406e+05
1.42353117e-01, 1.16532258e+05
1.42591208e-01, 1.16339781e+05
1.42829865e-01, 1.16472914e+05
1.43069103e-01, 1.16975594e+05
1.43308908e-01, 1.17981391e+05
1.43549278e-01, 1.19549383e+05
1.43790230e-01, 1.21748742e+05
1.44031763e-01, 1.24642984e+05
1.44273877e-01, 1.28250125e+05
1.44516572e-01, 1.32530984e+05
1.44759849e-01, 1.37389422e+05
1.45003706e-01, 1.42674031e+05
1.45248145e-01, 1.48187438e+05
1.45493180e-01, 1.53705828e+05
1.45738795e-01, 1.59004563e+05
1.45984992e-01, 1.63885766e+05
1.46231785e-01, 1.68170797e+05
1.46479174e-01, 1.71654922e+05
1.46727145e-01, 1.74179906e+05
1.46975726e-01, 1.75965422e+05
1.47224888e-01, 1.77287313e+05
1.47474661e-01, 1.78152875e+05
1.47725016e-01, 1.78462750e+05
1.47975981e-01, 1.78339281e+05
1.48227558e-01, 1.77942328e+05
1.48479730e-01, 1.77229516e+05
1.48732498e-01, 1.76243031e+05
1.48985878e-01, 1.75006313e+05
1.49239868e-01, 1.73392516e+05
1.49494469e-01, 1.71125203e+05
1.49749666e-01, 1.68199703e+05
1.50005490e-01, 1.64892578e+05
1.50261924e-01, 1.61482531e+05
1.50518969e-01, 1.58205922e+05
1.50776625e-01, 1.55135969e+05
1.51034907e-01, 1.52203578e+05
1.51293814e-01, 1.49312797e+05
1.51553333e-01, 1.46428750e+05
1.51813477e-01, 1.43585641e+05
1.52074233e-01, 1.40847109e+05
1.52335629e-01, 1.38269031e+05
1.52597651e-01, 1.35887391e+05
1.52860284e-01, 1.33724984e+05
1.53123558e-01, 1.31799563e+05
1.53387472e-01, 1.30127055e+05
1.53652012e-01, 1.28706813e+05
1.53917179e-01, 1.27576125e+05
1.54182985e-01, 1.26813305e+05
1.54449433e-01, 1.26546844e+05
1.54716522e-01, 1.26773703e+05
1.54984251e-01, 1.27545250e+05
1.55252606e-01, 1.29053766e+05
1.55521616e-01, 1.31364375e+05
1.55791283e-01, 1.34516766e+05
1.56061575e-01, 1.38500000e+05
1.56332523e-01, 1.43209141e+05
1.56604126e-01, 1.48459703e+05
1.56876370e-01, 1.54028453e+05
1.57149285e-01, 1.59685313e+05
1.57422841e-01, 1.65172969e+05
1.57697052e-01, 1.70118266e+05
1.57971919e-01, 1.74096672e+05
1.58247441e-01, 1.77185297e+05
1.58523634e-01, 1.79676969e+05
1.58800483e-01, 1.81508813e+05
1.59078002e-01, 1.82566141e+05
1.59356177e-01, 1.82801453e+05
1.59635022e-01, 1.82364500e+05
1.59914538e-01, 1.81360906e+05
1.60194725e-01, 1.79742672e+05
1.60475582e-01, 1.77551828e+05
1.60757110e-01, 1.74720016e+05
1.61039323e-01, 1.70940641e+05
1.61322206e-01, 1.66430516e+05
1.61605760e-01, 1.61870297e+05
1.61890000e-01, 1.57635641e+05
1.62174925e-01, 1.53879453e+05
1.62460521e-01, 1.50627469e+05
1.62746817e-01, 1.47838484e+05
1.63033783e-01, 1.45405625e+05
1.63321450e-01, 1.43242000e+05
1.63609803e-01, 1.41351234e+05
1.63898841e-01, 1.39792031e+05
1.64188579e-01, 1.38658078e+05
1.64479017e-01, 1.38010234e+05
1.64770141e-01, 1.37960891e+05
1.65061966e-01, 1.38685500e+05
1.65354490e-01, 1.40261641e+05
1.65647715e-01, 1.42658141e+05
1.65941641e-01, 1.45822875e+05
1.66236281e-01, 1.49730859e+05
1.66531622e-01, 1.54362063e+05
1.66827664e-01, 1.59585250e+05
1.67124420e-01, 1.65090453e+05
1.67421892e-01, 1.70393016e+05
1.67720065e-01, 1.74833422e+05
1.68018967e-01, 1.78309125e+05
1.68318585e-01, 1.80935156e+05
1.68618917e-01, 1.82379406e+05
1.68919966e-01, 1.82759125e+05
1.69221729e-01, 1.82204594e+05
1.69524238e-01, 1.80679094e+05
1.69827446e-01, 1.78423578e+05
1.70131400e-01, 1.75535141e+05
1.70436069e-01, 1.71911563e+05
1.70741484e-01, 1.67763063e+05
1.71047628e-01, 1.63645766e+05
1.71354502e-01, 1.59904266e+05
1.71662107e-01, 1.56656922e+05
1.71970457e-01, 1.53933813e+05
1.72279537e-01, 1.51729609e+05
1.72589362e-01, 1.50040719e+05
1.72899932e-01, 1.48866141e+05
1.73211247e-01, 1.48528125e+05
1.73523307e-01, 1.49093563e+05
1.73836112e-01, 1.50379266e+05
1.74149662e-01, 1.52506969e+05
1.74463972e-01, 1.55503750e+05
1.74779043e-01, 1.59286172e+05
1.75094858e-01, 1.63637203e+05
1.75411433e-01, 1.68140750e+05
1.75728768e-01, 1.72224375e+05
1.76046863e-01, 1.75382875e+05
1.76365718e-01, 1.77558922e+05
1.76685333e-01, 1.78590359e+05
1.77005723e-01, 1.78586250e+05
1.77326888e-01, 1.77852656e+05
1.77648813e-01, 1.76322234e+05
1.77971512e-01, 1.74103125e+05
1.78294972e-01, 1.71277594e+05
1.78619221e-01, 1.68225000e+05
1.78944245e-01, 1.65423469e+05
1.79270044e-01, 1.63081297e+05
1.79596633e-01, 1.61288969e+05
1.79923996e-01, 1.60108750e+05
1.80252150e-01, 1.59625703e+05
1.80581093e-01, 1.59922891e+05
1.80910811e-01, 1.60981781e+05
1.81241333e-01, 1.62705750e+05
1.81572646e-01, 1.64975000e+05
1.81904748e-01, 1.67510063e+05
1.82237640e-01, 1.69963484e+05
1.82571337e-01, 1.71985750e+05
1.82905838e-01, 1.73355656e+05
1.83241129e-01, 1.73992469e+05
1.83577240e-01, 1.74053453e+05
1.83914140e-01, 1.73690484e+05
1.84251860e-01, 1.72894250e+05
1.84590384e-01, 1.71819859e+05
1.84929729e-01, 1.70715297e+05
1.85269877e-01, 1.69790875e+05
1.85610846e-01, 1.69156688e+05
1.85952619e-01, 1.68827906e+05
1.86295226e-01, 1.68835469e+05
1.86638653e-01, 1.69146969e+05
1.86982900e-01, 1.69651078e+05
1.87327966e-01, 1.70279563e+05
1.87673867e-01, 1.70954063e+05
1.88020602e-01, 1.71584734e+05
1.88368157e-01, 1.72104516e+05
1.88716561e-01, 1.72473625e+05
1.89065784e-01, 1.72706516e+05
1.89415842e-01, 1.72829625e+05
1.89766750e-01, 1.72877219e+05
1.90118492e-01, 1.72899531e+05
1.90471083e-01, 1.72919469e+05
1.90824524e-01, 1.72954563e+05
1.91178799e-01, 1.73020781e+05
1.91533938e-01, 1.73128594e+05
1.91889912e-01, 1.73281656e+05
1.92246750e-01, 1.73477500e+05
1.92615703e-01, 1.73709813e+05
1.92985728e-01, 1.73967375e+05
1.93356857e-01, 1.74236766e+05
1.93729073e-01, 1.74506547e+05
1.94102377e-01, 1.74767063e+05
1.94476783e-01, 1.75014828e+05
1.94852293e-01, 1.75248625e+05
1.95228904e-01, 1.75468844e+05
1.95606634e-01, 1.75679938e+05
1.95985466e-01, 1.75886594e+05
1.96365416e-01, 1.76092750e+05
1.96746483e-01, 1.76301125e+05
1.97128668e-01, 1.76512938e+05
1.97511971e-01, 1.76728125e+05
1.97896421e-01, 1.76945828e+05
1.98281989e-01, 1.77164828e+05
1.98668689e-01, 1.77383844e+05
1.99056521e-01, 1.77601906e+05
1.99445516e-01, 1.77818375e+05
1.99835628e-01, 1.78032906e+05
2.00226903e-01, 1.78245406e+05
2.00619340e-01, 1.78455906e+05
2.01012909e-01, 1.78664500e+05
2.01407656e-01, 1.78871250e+05
2.01803550e-01, 1.79076188e+05
2.02200606e-01, 1.79279313e+05
2.02598840e-01, 1.79480656e+05
2.02998251e-01, 1.79680156e+05
2.03398824e-01, 1.79877859e+05
2.03800574e-01, 1.80073625e+05
2.04203516e-01, 1.80266359e+05
2.04607636e-01, 1.80464328e+05
2.05012947e-01, 1.80669313e+05
2.05419451e-01, 1.80872047e+05
2.05827162e-01, 1.81070938e+05
2.06236050e-01, 1.81267078e+05
2.06646159e-01, 1.81461406e+05
2.07057461e-01, 1.81654500e+05
2.07469985e-01, 1.81846625e+05
2.07883716e-01, 1.82037766e+05
2.08298668e-01, 1.82227781e+05
2.08714843e-01, 1.82416563e+05
2.09132239e-01, 1.82604094e+05
2.09550858e-01, 1.82790281e+05
2.09970713e-01, 1.82975094e+05
2.10391805e-01, 1.83158547e+05
2.10814118e-01, 1.83340594e+05
2.11237699e-01, 1.83521250e+05
2.11662516e-01, 1.83700469e+05
2.12088585e-01, 1.83878266e+05
2.12515891e-01, 1.84054594e+05
2.12944478e-01, 1.84229500e+05
2.13374317e-01, 1.84402938e+05
2.13805407e-01, 1.84574891e+05
2.14237779e-01, 1.84745359e+05
2.14671418e-01, 1.84914375e+05
2.15106338e-01, 1.85081844e+05
2.15542540e-01, 1.85247844e+05
2.15980023e-01, 1.85412313e+05
2.16418788e-01, 1.85575250e+05
2.16858849e-01, 1.85736688e+05
2.17300192e-01, 1.85896594e+05
2.17742845e-01, 1.86054953e+05
2.18186796e-01, 1.86211766e+05
2.18632057e-01, 1.86367063e+05
2.19078630e-01, 1.86520813e+05
2.19526514e-01, 1.86673000e+05
2.19975710e-01, 1.86823688e+05
2.20426232e-01, 1.86972797e+05
2.20878080e-01, 1.87120359e+05
2.21331254e-01, 1.87266406e+05
2.21785769e-01, 1.87410906e+05
2.22241610e-01, 1.87553859e+05
2.22698793e-01, 1.87695281e+05
2.23157331e-01, 1.87835172e+05
2.23617211e-01, 1.87973516e+05
2.24078447e-01, 1.88110359e+05
2.24541038e-01, 1.88245672e+05
2.25004986e-01, 1.88379469e+05
2.25470304e-01, 1.88511750e+05
2.25936994e-01, 1.88642547e+05
2.26405039e-01, 1.88771859e+05
2.26874486e-01, 1.88899656e+05
2.27345303e-01, 1.89026000e+05
2.27817506e-01, 1.89150875e+05
2.28291094e-01, 1.89274281e+05
2.28766069e-01, 1.89396219e+05
2.29242459e-01, 1.89516734e+05
2.29720235e-01, 1.89635828e+05
2.30199426e-01, 1.89753469e+05
2.30680019e-01, 1.89869719e+05
2.31162027e-01, 1.89984563e+05
2.31645465e-01, 1.90098016e+05
2.32130319e-01, 1.90210063e+05
2.32616588e-01, 1.90320688e+05
2.33104303e-01, 1.90429656e+05
2.33593434e-01, 1.90537313e+05
2.34084025e-01, 1.90644938e+05
2.34576046e-01, 1.90751719e+05
2.35069513e-01, 1.90856656e+05
2.35564440e-01, 1.90960047e+05
2.36060828e-01, 1.91062078e+05
2.36558661e-01, 1.91162766e+05
2.37057969e-01, 1.91262172e+05
2.37558737e-01, 1.91360313e+05
2.38060996e-01, 1.91457203e+05
2.38564715e-01, 1.91552922e+05
2.39069924e-01, 1.91647438e+05
2.39576608e-01, 1.91740734e+05
2.40084797e-01, 1.91832875e+05
2.40594476e-01, 1.91923875e+05
2.41105646e-01, 1.92013750e+05
2.41618335e-01, 1.92102500e+05
2.42132515e-01, 1.92190156e+05
2.42648229e-01, 1.92276734e+05
2.43165448e-01, 1.92362219e+05
2.43684188e-01, 1.92446625e+05
2.44204447e-01, 1.92530031e+05
2.44726241e-01, 1.92612375e+05
2.45249584e-01, 1.92693734e+05
2.45774448e-01, 1.92774078e+05
2.46300861e-01, 1.92853438e+05
2.46828824e-01, 1.92931828e+05
2.47358352e-01, 1.93009234e+05
2.47889429e-01, 1.93085750e+05
2.48422056e-01, 1.93161297e+05
2.48956263e-01, 1.93235938e+05
2.49492034e-01, 1.93309672e+05
2.50029385e-01, 1.93382516e+05
2.50568330e-01, 1.93454469e+05
2.51108855e-01, 1.93525547e+05
2.51650959e-01, 1.93595813e+05
2.52194643e-01, 1.93665219e+05
2.52739966e-01, 1.93733797e+05
2.53286868e-01, 1.93801594e+05
2.53835380e-01, 1.93868563e+05
2.54385501e-01, 1.93934750e+05
2.54937261e-01, 1.94000156e+05
2.55490631e-01, 1.94064781e+05
2.56045640e-01, 1.94128641e+05
2.56602257e-01, 1.94191813e+05
2.57160515e-01, 1.94254219e+05
2.57720441e-01, 1.94315906e+05
2.58282006e-01, 1.94376906e+05
2.58845210e-01, 1.94437172e+05
2.59410083e-01, 1.94496766e+05
2.59976596e-01, 1.94555688e+05
2.60544807e-01, 1.94613922e+05
2.61114657e-01, 1.94671547e+05
2.61686206e-01, 1.94728484e+05
2.62259424e-01, 1.94784813e+05
2.62834340e-01, 1.94840500e+05
2.63410956e-01, 1.94895578e+05
2.63989240e-01, 1.94950031e+05
2.64569253e-01, 1.95003906e+05
2.65150934e-01, 1.95057188e+05
2.65734375e-01, 1.95109891e+05
2.66319484e-01, 1.95162016e+05
2.66906351e-01, 1.95213594e+05
2.67494947e-01, 1.95264594e+05
2.68085241e-01, 1.95315047e+05
2.68677294e-01, 1.95365000e+05
2.69271076e-01, 1.95414406e+05
2.69866616e-01, 1.95463281e+05
2.70463914e-01, 1.95511625e+05
2.71062970e-01, 1.95559484e+05
2.71663755e-01, 1.95606844e+05
2.72266358e-01, 1.95653719e+05
2.72870690e-01, 1.95700094e+05
2.73476809e-01, 1.95746000e+05
2.74084717e-01, 1.95791438e+05
2.74694413e-01, 1.95836422e+05
2.75305927e-01, 1.95880938e+05
2.75919199e-01, 1.95925000e+05
2.76534319e-01, 1.95968609e+05
2.77151197e-01, 1.96011781e+05
2.77769923e-01, 1.96054547e+05
2.78390467e-01, 1.96096875e+05
2.79012829e-01, 1.96138766e+05
2.79637039e-01, 1.96180250e+05
2.80263066e-01, 1.96221344e+05
2.80890942e-01, 1.96262016e+05
2.81520665e-01, 1.96302281e+05
2.82152236e-01, 1.96342188e+05
2.82785654e-01, 1.96381688e+05
2.83420950e-01, 1.96420813e+05
2.84058124e-01, 1.96459563e+05
2.84697145e-01, 1.96497922e+05
2.85338074e-01, 1.96535938e+05
2.85980880e-01, 1.96573578e+05
2.86625564e-01, 1.96610875e+05
2.87272155e-01, 1.96647797e+05
2.87920654e-01, 1.96684391e+05
2.88571060e-01, 1.96720625e+05
2.89223373e-01, 1.96756531e+05
2.89877594e-01, 1.96792094e+05
2.90533751e-01, 1.96827344e+05
2.91191846e-01, 1.96862250e+05
2.91851878e-01, 1.96896813e+05
2.92513847e-01, 1.96931094e+05
2.93177754e-01, 1.96965063e+05
2.93843597e-01, 1.96998688e+05
2.94511437e-01, 1.97032031e+05
2.95181215e-01, 1.97065063e+05
2.95852989e-01, 1.97097781e+05
2.96526730e-01, 1.97130203e+05
2.97202438e-01, 1.97162344e+05
2.97880143e-01, 1.97194188e+05
2.98559844e-01, 1.97225750e+05
2.99241543e-01, 1.97257031e+05
2.99925238e-01, 1.97288016e+05
3.00610960e-01, 1.97318750e+05
3.01298678e-01, 1.97349203e+05
3.01988453e-01, 1.97379375e+05
3.02680224e-01, 1.97409281e+05
3.03374052e-01, 1.97438922e+05
3.04069906e-01, 1.97468297e+05
3.04767817e-01, 1.97497438e+05
3.05467784e-01, 1.97526297e+05
3.06169808e-01, 1.97554891e+05
3.06873888e-01, 1.97583281e+05
3.07580054e-01, 1.97611391e+05
3.08288276e-01, 1.97639234e+05
3.08998585e-01, 1.97666875e+05
3.09711009e-01, 1.97694234e+05
3.10425520e-01, 1.97721406e+05
3.11142117e-01, 1.97748297e+05
3.11860830e-01, 1.97774984e+05
3.12581658e-01, 1.97801422e+05
3.13304603e-01, 1.97827656e+05
3.14029664e-01, 1.97853625e+05
3.14756870e-01, 1.97879391e+05
3.15486223e-01, 1.97904938e+05
3.16217721e-01, 1.97930266e+05
3.16951364e-01, 1.97955359e+05
3.17687154e-01, 1.97980266e+05
3.18425149e-01, 1.98004938e+05
3.19165260e-01, 1.98029391e+05
3.19907576e-01, 1.98053641e+05
3.20652097e-01, 1.98077703e+05
3.21398765e-01, 1.98101563e+05
3.22147667e-01, 1.98125188e+05
3.22898746e-01, 1.98148625e+05
3.23652059e-01, 1.98171875e+05
3.24407578e-01, 1.98194906e+05
3.25165302e-01, 1.98217766e+05
3.25925261e-01, 1.98240422e+05
3.26687455e-01, 1.98262859e+05
3.27451915e-01, 1.98285156e+05
3.28218609e-01, 1.98307219e+05
3.28987539e-01, 1.98329109e+05
3.29758763e-01, 1.98350828e+05
3.30532253e-01, 1.98372359e+05
3.31308007e-01, 1.98393703e+05
3.32086027e-01, 1.98414859e+05
3.32866371e-01, 1.98435844e+05
3.33648980e-01, 1.98456672e+05
3.34433913e-01, 1.98477297e+05
3.35221142e-01, 1.98497750e+05
3.36010695e-01, 1.98518016e+05
3.36802542e-01, 1.98538141e+05
3.37596744e-01, 1.98558094e+05
3.38393301e-01, 1.98577859e+05
3.39192182e-01, 1.98597500e+05
3.39993387e-01, 1.98616922e+05
3.40796977e-01, 1.98636219e+05
3.41602951e-01, 1.98655328e+05
3.42411250e-01, 1.98674313e+05
3.43221962e-01, 1.98693109e+05
3.44035029e-01, 1.98711734e+05
3.44850510e-01, 1.98730219e+05
3.45668405e-01, 1.98748563e+05
3.46488684e-01, 1.98766734e+05
3.47311378e-01, 1.98784750e+05
3.48136485e-01, 1.98802625e+05
3.48964036e-01, 1.98820344e+05
3.49794000e-01, 1.98837938e+05
3.50626409e-01, 1.98855344e+05
3.51461291e-01, 1.98872625e+05
3.52298617e-01, 1.98889750e+05
3.53138387e-01, 1.98906734e+05
3.53980660e-01, 1.98923609e+05
3.54825377e-01, 1.98940313e+05
3.55672598e-01, 1.98956875e+05
3.56522322e-01, 1.98973297e+05
3.57374519e-01, 1.98989578e+05
3.58229250e-01, 1.99005750e+05
3.59086484e-01, 1.99021734e+05
3.59946251e-01, 1.99037641e+05
3.60808522e-01, 1.99053391e+05
3.61673355e-01, 1.99069000e+05
3.62540722e-01, 1.99084500e+05
3.63410622e-01, 1.99099844e+05
3.64283115e-01, 1.99115047e+05
3.65158141e-01, 1.99130172e+05
3.66035759e-01, 1.99145141e+05
3.66915941e-01, 1.99159984e+05
3.67798746e-01, 1.99174703e+05
3.68684113e-01, 1.99189281e+05
3.69572103e-01, 1.99203766e+05
3.70462716e-01, 1.99218109e+05
3.71355951e-01, 1.99232344e+05
3.72251779e-01, 1.99246422e+05
3.73150259e-01, 1.99260438e+05
3.74051392e-01, 1.99274313e+05
3.74955177e-01, 1.99288063e+05
3.75861615e-01, 1.99301688e+05
3.76770705e-01, 1.99315203e+05
3.77682507e-01, 1.99328609e+05
3.78596961e-01, 1.99341922e+05
3.79514098e-01, 1.99355109e+05
3.80433947e-01, 1.99368172e+05
3.81356508e-01, 1.99381125e+05
3.82281780e-01, 1.99394000e+05
3.83209765e-01, 1.99406734e+05
3.84140491e-01, 1.99419375e+05
3.85073930e-01, 1.99431891e+05
3.86010140e-01, 1.99444313e+05
3.86949092e-01, 1.99456609e+05
3.87890816e-01, 1.99468844e+05
3.88835311e-01, 1.99480938e+05
3.89782578e-01, 1.99492938e+05
3.90732646e-01, 1.99504844e+05
3.91685486e-01, 1.99516625e+05
3.92641157e-01, 1.99528328e+05
3.93599600e-01, 1.99539938e+05
3.94560903e-01, 1.99551422e+05
3.95525008e-01, 1.99562828e+05
3.96491945e-01, 1.99574156e+05
3.97461742e-01, 1.99585344e+05
3.98434401e-01, 1.99596453e+05
3.99409890e-01, 1.99607484e+05
4.00388271e-01, 1.99618406e+05
4.01369542e-01, 1.99629234e+05
4.02353674e-01, 1.99639969e+05
4.03340727e-01, 1.99650625e+05
4.04330641e-01, 1.99661156e+05
4.05323505e-01, 1.99671609e+05
4.06319290e-01, 1.99682000e+05
4.07317996e-01, 1.99692281e+05
4.08319622e-01, 1.99702469e+05
4.09324229e-01, 1.99712547e+05
4.10331756e-01, 1.99722547e+05
4.11342263e-01, 1.99732484e+05
4.12355751e-01, 1.99742313e+05
4.13372219e-01, 1.99752047e+05
4.14391667e-01, 1.99761719e+05
4.15414095e-01, 1.99771266e+05
4.16439563e-01, 1.99780750e+05
4.17468041e-01, 1.99790125e+05
4.18499529e-01, 1.99799391e+05
4.19534087e-01, 1.99808594e+05
4.20571655e-01, 1.99817672e+05
4.21612293e-01, 1.99826672e+05
4.22655970e-01, 1.99835563e+05
4.23702747e-01, 1.99844328e+05
4.24752563e-01, 1.99852984e+05
4.25805509e-01, 1.99861531e+05
4.26861525e-01, 1.99869953e+05
4.27920669e-01, 1.99878219e+05
4.28982913e-01, 1.99886344e+05
4.30048287e-01, 1.99894313e+05
4.31116790e-01, 1.99902125e+05
4.32188451e-01, 1.99909703e+05
4.33263272e-01, 1.99917094e+05
4.34341222e-01, 1.99924266e+05
4.35422361e-01, 1.99931188e+05
4.36506689e-01, 1.99937828e+05
4.37594175e-01, 1.99944188e+05
4.38684881e-01, 1.99950203e+05
4.39778805e-01, 1.99955906e+05
4.40875947e-01, 1.99961250e+05
4.41976309e-01, 1.99966234e+05
4.43079889e-01, 1.99970797e+05
undef, undef
4.44186747e-01, 1.99975156e+05
4.45491105e-01, 1.99979391e+05
4.46795434e-01, 1.99983297e+05
4.48099792e-01, 1.99986656e+05
4.49404150e-01, 1.99989547e+05
4.50708479e-01, 1.99991984e+05
4.52012837e-01, 1.99993984e+05
4.53317195e-01, 1.99995656e+05
4.54621524e-01, 1.99997000e+05
4.55925882e-01, 1.99998047e+05
4.57230240e-01, 1.99998891e+05
4.58534569e-01, 1.99999516e+05
4.59838927e-01, 1.99999969e+05
4.61143255e-01, 2.00000281e+05
4.62447613e-01, 2.00000469e+05
4.63751972e-01, 2.00000594e+05
4.65056300e-01, 2.00000625e+05
4.66360658e-01, 2.00000594e+05
4.67665017e-01, 2.00000500e+05
4.68969345e-01, 2.00000438e+05
4.70273703e-01, 2.00000203e+05
4.71578062e-01, 2.00000281e+05
4.72882390e-01, 1.99999438e+05
4.74186748e-01, 1.99999125e+05


